"id","label"
"10107.jpeg","beach"
"10238.jpeg","forest"
"10330.jpeg","mountain"
"1052.jpeg","beach"
"10626.jpeg","mountain"
"1072.jpeg","mountain"
"10751.jpeg","mountain"
"1081.jpeg","forest"
"1086.jpeg","forest"
"11001.jpeg","mountain"
"11013.jpeg","forest"
"11139.jpeg","beach"
"11164.jpeg","mountain"
"1130.jpeg","mountain"
"11468.jpeg","mountain"
"11529.jpeg","mountain"
"11558.jpeg","mountain"
"11692.jpeg","beach"
"11863.jpeg","forest"
"11917.jpeg","beach"
"11932.jpeg","beach"
"12.jpeg","beach"
"1208.jpeg","forest"
"12094.jpeg","forest"
"1216.jpeg","beach"
"12163.jpeg","forest"
"12279.jpeg","mountain"
"12381.jpeg","beach"
"12449.jpeg","beach"
"12500.jpeg","mountain"
"12533.jpeg","mountain"
"12604.jpeg","mountain"
"12851.jpeg","mountain"
"12857.jpeg","mountain"
"12862.jpeg","forest"
"12962.jpeg","beach"
"13009.jpeg","beach"
"13216.jpeg","beach"
"13321.jpeg","mountain"
"134.jpeg","beach"
"13441.jpeg","mountain"
"13475.jpeg","mountain"
"13502.jpeg","mountain"
"13639.jpeg","beach"
"13786.jpeg","forest"
"13910.jpeg","mountain"
"14014.jpeg","beach"
"14180.jpeg","mountain"
"14358.jpeg","forest"
"14361.jpeg","beach"
"14378.jpeg","mountain"
"14517.jpeg","forest"
"14539.jpeg","mountain"
"1480.jpeg","mountain"
"1491.jpeg","mountain"
"14958.jpeg","forest"
"14978.jpeg","beach"
"15004.jpeg","mountain"
"15067.jpeg","beach"
"15119.jpeg","beach"
"15126.jpeg","forest"
"15153.jpeg","forest"
"15296.jpeg","forest"
"15437.jpeg","mountain"
"15455.jpeg","mountain"
"15462.jpeg","forest"
"15641.jpeg","beach"
"15651.jpeg","beach"
"15904.jpeg","beach"
"15975.jpeg","beach"
"16155.jpeg","mountain"
"16167.jpeg","beach"
"1621.jpeg","forest"
"16282.jpeg","forest"
"16332.jpeg","mountain"
"16410.jpeg","beach"
"16464.jpeg","mountain"
"1652.jpeg","mountain"
"16645.jpeg","beach"
"16662.jpeg","forest"
"16702.jpeg","mountain"
"16727.jpeg","mountain"
"16745.jpeg","beach"
"16978.jpeg","forest"
"16997.jpeg","beach"
"171.jpeg","forest"
"17128.jpeg","mountain"
"17436.jpeg","mountain"
"17505.jpeg","mountain"
"1815.jpeg","mountain"
"18287.jpeg","forest"
"18430.jpeg","beach"
"18434.jpeg","mountain"
"1855.jpeg","beach"
"18685.jpeg","forest"
"18727.jpeg","beach"
"189.jpeg","beach"
"19017.jpeg","beach"
"1925.jpeg","beach"
"19262.jpeg","mountain"
"1931.jpeg","forest"
"19331.jpeg","forest"
"19498.jpeg","beach"
"19657.jpeg","beach"
"19713.jpeg","beach"
"19883.jpeg","mountain"
"20113.jpeg","forest"
"20281.jpeg","forest"
"20344.jpeg","forest"
"20439.jpeg","beach"
"20471.jpeg","forest"
"20472.jpeg","mountain"
"20495.jpeg","mountain"
"20714.jpeg","mountain"
"20814.jpeg","forest"
"21045.jpeg","forest"
"21090.jpeg","beach"
"21204.jpeg","mountain"
"21395.jpeg","forest"
"21429.jpeg","mountain"
"21551.jpeg","mountain"
"21561.jpeg","mountain"
"2162.jpeg","beach"
"21724.jpeg","beach"
"21846.jpeg","mountain"
"21944.jpeg","beach"
"2199.jpeg","beach"
"22059.jpeg","mountain"
"22108.jpeg","forest"
"22127.jpeg","forest"
"22170.jpeg","mountain"
"22238.jpeg","forest"
"22242.jpeg","beach"
"22243.jpeg","beach"
"2237.jpeg","forest"
"22456.jpeg","beach"
"2265.jpeg","forest"
"22813.jpeg","forest"
"22864.jpeg","mountain"
"22879.jpeg","mountain"
"2293.jpeg","beach"
"22991.jpeg","mountain"
"23309.jpeg","forest"
"23406.jpeg","beach"
"23421.jpeg","forest"
"23439.jpeg","beach"
"23443.jpeg","forest"
"23480.jpeg","beach"
"23571.jpeg","forest"
"23624.jpeg","forest"
"23834.jpeg","beach"
"23935.jpeg","beach"
"24001.jpeg","mountain"
"24425.jpeg","beach"
"24469.jpeg","forest"
"24706.jpeg","forest"
"24724.jpeg","mountain"
"24728.jpeg","mountain"
"24782.jpeg","mountain"
"2533.jpeg","mountain"
"25472.jpeg","beach"
"25571.jpeg","forest"
"2559.jpeg","beach"
"25600.jpeg","forest"
"25822.jpeg","mountain"
"25958.jpeg","mountain"
"26014.jpeg","beach"
"26036.jpeg","beach"
"2614.jpeg","beach"
"2637.jpeg","mountain"
"26443.jpeg","mountain"
"26478.jpeg","beach"
"265.jpeg","beach"
"26508.jpeg","forest"
"26614.jpeg","beach"
"26840.jpeg","mountain"
"27023.jpeg","mountain"
"27199.jpeg","forest"
"27248.jpeg","beach"
"27282.jpeg","mountain"
"27417.jpeg","forest"
"27455.jpeg","forest"
"27753.jpeg","mountain"
"27976.jpeg","beach"
"27979.jpeg","mountain"
"27995.jpeg","forest"
"28036.jpeg","beach"
"28061.jpeg","mountain"
"28094.jpeg","mountain"
"2814.jpeg","mountain"
"28211.jpeg","mountain"
"28229.jpeg","forest"
"28273.jpeg","mountain"
"28334.jpeg","mountain"
"28382.jpeg","mountain"
"28539.jpeg","beach"
"28663.jpeg","forest"
"28753.jpeg","beach"
"28763.jpeg","beach"
"28933.jpeg","mountain"
"29029.jpeg","beach"
"2927.jpeg","forest"
"29309.jpeg","beach"
"29474.jpeg","mountain"
"29590.jpeg","forest"
"29752.jpeg","beach"
"29826.jpeg","beach"
"29904.jpeg","beach"
"2991.jpeg","beach"
"30177.jpeg","mountain"
"30566.jpeg","mountain"
"30571.jpeg","forest"
"30612.jpeg","beach"
"30716.jpeg","beach"
"30739.jpeg","mountain"
"31057.jpeg","mountain"
"31112.jpeg","forest"
"31229.jpeg","mountain"
"31246.jpeg","mountain"
"31294.jpeg","beach"
"31312.jpeg","beach"
"31344.jpeg","mountain"
"31600.jpeg","mountain"
"31642.jpeg","forest"
"31706.jpeg","forest"
"31771.jpeg","forest"
"31825.jpeg","forest"
"31880.jpeg","forest"
"32181.jpeg","forest"
"3225.jpeg","forest"
"32340.jpeg","forest"
"32420.jpeg","forest"
"32546.jpeg","mountain"
"32554.jpeg","beach"
"32611.jpeg","beach"
"32644.jpeg","forest"
"3319.jpeg","beach"
"3459.jpeg","mountain"
"3750.jpeg","beach"
"3760.jpeg","forest"
"3932.jpeg","forest"
"3956.jpeg","beach"
"4043.jpeg","beach"
"4160.jpeg","mountain"
"4179.jpeg","forest"
"4226.jpeg","mountain"
"4371.jpeg","mountain"
"4592.jpeg","forest"
"47.jpeg","forest"
"4849.jpeg","forest"
"4888.jpeg","forest"
"5088.jpeg","beach"
"5263.jpeg","beach"
"5861.jpeg","mountain"
"5969.jpeg","forest"
"6124.jpeg","beach"
"649.jpeg","mountain"
"6718.jpeg","beach"
"6800.jpeg","mountain"
"6892.jpeg","beach"
"6961.jpeg","mountain"
"7123.jpeg","beach"
"7135.jpeg","forest"
"7160.jpeg","forest"
"7302.jpeg","forest"
"7336.jpeg","beach"
"7349.jpeg","forest"
"7429.jpeg","beach"
"7457.jpeg","forest"
"7491.jpeg","forest"
"7703.jpeg","beach"
"7764.jpeg","forest"
"7915.jpeg","forest"
"7999.jpeg","beach"
"8051.jpeg","beach"
"8053.jpeg","forest"
"8130.jpeg","forest"
"8162.jpeg","mountain"
"8210.jpeg","mountain"
"8235.jpeg","forest"
"8246.jpeg","beach"
"837.jpeg","beach"
"8506.jpeg","mountain"
"8507.jpeg","mountain"
"8590.jpeg","forest"
"875.jpeg","forest"
"8956.jpeg","mountain"
"9124.jpeg","mountain"
"9152.jpeg","beach"
"9493.jpeg","beach"
"9526.jpeg","beach"
"9547.jpeg","mountain"
"9893.jpeg","mountain"
"9973.jpeg","mountain"
